date,basin_rain_monthly_bar_mm3,basin_rain_monthly_rollmean_mm3,basin_et_monthly_bar_mm3_neg,basin_et_monthly_rollmean_mm3_neg,lake_rain_monthly_bar_mm3,lake_rain_monthly_rollmean_mm3,lake_evap_monthly_bar_mm3_neg,lake_evap_monthly_rollmean_mm3_neg,lindos_basin_monthly_bar_mm3,lindos_basin_monthly_rollmean_mm3,lindos_lake_monthly_bar_mm3,lindos_lake_monthly_rollmean_mm3,emponas_basin_monthly_bar_mm3,emponas_basin_monthly_rollmean_mm3,emponas_lake_monthly_bar_mm3,emponas_lake_monthly_rollmean_mm3
2017-08-31,1.5563927651912293,,-7.761102859625671,,0.0015098828009281454,,-0.010190188825037817,,0.0,,0.0,,3.188484914170938,,0.00303187795736,
2017-09-30,0.9003977849537014,1.2283952750724654,-6.78448336370183,-7.27279311166375,0.0008530156495454058,0.0011814492252367756,-0.008315523848027362,-0.00925285633653259,0.0,0.0,0.0,0.0,0.0,1.594242457085469,0.0,0.00151593897868
2017-10-31,15.810717076657866,6.0891692089342655,-8.81998237453285,-7.788522865953451,0.013396451719645113,0.005253116723372888,-0.009386663882727134,-0.00929745885193077,4.047372608949477,1.349124202983159,0.0033987041364399997,0.0011329013788133333,6.295897994833351,3.1614609696680964,0.00530182552252,0.00277790115996
2017-11-30,13.966855108104209,10.225989989905258,-10.930833683022247,-8.845099807085644,0.011797345964473412,0.00868227111122131,-0.0099767732186078,-0.009226320316454097,18.11140738405614,7.386259997668539,0.01477131995458,0.0060566746970066665,30.826226021593268,12.374041338808873,0.02510296898028,0.010134931500933333
2017-12-31,17.659697077279663,15.812423087347247,-9.939989210436657,-9.896935089330585,0.013208076704845102,0.012800624796321209,-0.00885887350203257,-0.009407436867789167,6.214248532398945,9.457676175134853,0.0051175240561999995,0.007762516049073333,15.004111889259027,17.37541196856188,0.012383786524119998,0.014262860342306666
2018-01-31,25.06433408818982,18.89696209119123,-12.358978433846394,-11.0766004424351,0.02090596332833822,0.015303795332552245,-0.011127299815256352,-0.009987648845298907,8.585288495607287,10.97031480402079,0.0072567139689,0.00904851932656,25.26520831456787,23.698515408473387,0.02142473075634,0.019637162086913334
2018-02-28,26.246153629143315,22.990061598204264,-10.506329582079314,-10.935099075454124,0.024321118391092293,0.019478386141425205,-0.010095465622016285,-0.0100272129797684,28.695791041497465,14.498442689834567,0.02786008765722,0.013411441894106665,29.10465513623157,23.12465844668616,0.02816481242674,0.020657776569066665
2018-03-31,10.191784015033031,20.500757244122056,-13.410819783378976,-12.092042599768229,0.01060843434837876,0.018611838689269758,-0.015218044323366573,-0.012146936586879736,0.24524693428685682,12.508775490463869,0.00025435741532,0.011790386347146666,3.5150797759997605,19.294981075599733,0.0037720717314399994,0.017787204971506664
2018-04-30,2.6705221629547027,13.036153269043682,-12.854883856414574,-12.257344407290953,0.0028267148529316334,0.012585422530800895,-0.01584902304789061,-0.013720844331091156,0.0,9.647012658594774,0.0,0.009371481690846666,2.370580941410522,11.663438617880617,0.00259821171052,0.011511698622899998
2018-05-31,2.7620125093797556,5.208106229122497,-11.763962253008701,-12.676555297600752,0.0028166029937909576,0.0054172507317004496,-0.015067502646599762,-0.015378190005952315,0.0,0.08174897809561894,0.0,8.478580510666551e-05,4.741383682467925,3.5423481332927356,0.004974623774159999,0.003781635738706666
2018-06-30,0.5291415327658021,1.9872254017000868,-10.64341407169437,-11.754086727039216,0.0005092570995307034,0.002050858315417765,-0.013442371004854209,-0.014786298899781525,1.7985085774773832,0.5995028591591277,0.0018342283385799998,0.0006114094461933321,4.618908321648176,3.9102909818422074,0.00469933874282,0.004090724742499999
2018-07-31,0.0,1.0970513473818526,-8.943152628009368,-10.450176317570815,0.0,0.0011086200311072204,-0.011245306763065208,-0.013251726804839728,0.0,0.5995028591591277,0.0,0.0006114094461933321,0.0,3.120097334705367,0.0,0.003224654172326666
2018-08-31,0.23851914943467215,0.25588689406682474,-7.535802115547548,-9.040789605083763,0.00020477076624180891,0.00023800928859083742,-0.008915808235590256,-0.011201162001169891,0.0,0.5995028591591277,0.0,0.0006114094461933321,0.0,1.5396361072160587,0.0,0.0015664462476066667
2018-09-30,1.9372127395609207,0.7252439629985309,-7.174228077423992,-7.884394273660303,0.0014278383649141424,0.0005442030437186504,-0.00730849741126048,-0.009156537469971983,1.7172424677229776,0.5724141559076592,0.0012665741922600001,0.0004221913974199989,0.6541872815575448,0.21806242718584826,0.00048282964826,0.00016094321608666666
2018-10-31,10.032843707599467,4.06952519886502,-10.181400090097528,-8.29714342768969,0.007231923827317686,0.0029548443194912124,-0.009296513928196215,-0.008506939858348985,5.438015139544553,2.3850858690891767,0.0039301598537,0.0017322446819866657,4.1296263773118635,1.5946045529564694,0.00297869967478,0.00115384310768
2018-11-30,18.367413615811095,10.112490020990494,-8.700517598539873,-8.685381922020467,0.01308634503207071,0.007248702408100845,-0.006596011057285926,-0.007733674132247542,25.31001636529141,10.82175799085298,0.01753356198316,0.007576765343039999,19.871826685294423,8.218546781387944,0.0137779425819,0.00574649063498
2018-12-31,25.61076243466666,18.00367325269241,-14.434780782577972,-11.105566157071792,0.018396432815684417,0.012904900558357605,-0.011573976781596986,-0.009155500589026378,17.09066445030849,15.94623198504815,0.012592204943159999,0.01135197559334,31.359849708024488,18.45376759021026,0.02339874790378,0.013385130053486669
2019-01-31,54.06647077361069,32.68154894136281,-15.774196383613123,-12.969831588243657,0.05555654999824629,0.02901310928200047,-0.016365367921894025,-0.011511785253592316,49.29582189733267,30.565500904310856,0.049937734804859996,0.026687833910393328,91.88803289285131,47.706569762056745,0.09311773156426,0.04343147401664666
2019-02-28,24.93383159805122,34.87035493544286,-13.325253693058523,-14.51141028641654,0.02807991551527371,0.03401096610973481,-0.015332907634610905,-0.014424084112700639,30.69433700660712,32.360274451416096,0.03424133811534,0.03225709262112,48.187134213892435,57.145005604922744,0.0538696055853,0.05679536168444666
2019-03-31,16.327976458225706,31.77609294329587,-15.76969555378254,-14.956381876818064,0.017652774211610708,0.033763079908376896,-0.01781724179479774,-0.016505172450434227,17.288685424333565,32.426281442757784,0.019155640669899998,0.03444490453003333,20.558407480181888,53.54452486230855,0.0227841408506,0.056590492666720005
2019-04-30,11.523088053496867,17.594965369924598,-18.67307366396483,-15.922674303601966,0.01240960336423312,0.019380764363705845,-0.02166673622892961,-0.018272295219446084,15.449404231152776,21.14414222069782,0.01717714608436,0.023524708289866664,38.582643467710305,35.776061720594875,0.04289309343218,0.03984894662269334
2019-05-31,1.6786727908076695,9.843245767510082,-14.92332390244846,-16.455364373398613,0.0018129373777528474,0.010625104984532225,-0.018610195229292515,-0.019364724417673288,0.7356831555800704,11.15792427035547,0.00082071952646,0.012384502093573333,1.1035247578035754,20.081525235231926,0.00123105485622,0.02230276304633334
2019-06-30,0.35878400950726996,4.520181617937269,-11.886493412058535,-15.16096365949061,0.00033812683052958804,0.004853555857505185,-0.015630270455736717,-0.018635733971319613,0.0,5.395029128910949,0.0,0.0059992885369400005,0.8583132021971389,13.51482714257034,0.0009413187604799998,0.015021822349626672
2019-07-31,0.017076354219660618,0.6848443848448666,-12.553346004125297,-13.121054439544102,0.0,0.0007170214027608118,-0.016825903622362214,-0.017022123102463815,3.106426147231253,1.2807031009371077,0.00325688099632,0.00135920017426,7.60256925506596,3.1881357383555606,0.00797078770152,0.0033810537727400045
2019-08-31,0.0,0.12528678790897688,-9.223385885915999,-11.221075100699947,0.0,0.00011270894350986268,-0.012458375149763208,-0.01497151640928738,0.0,1.0354753824104177,0.0,0.0010856269987733333,0.0,2.820294152421036,0.0,0.0029707021540000046
2019-09-30,2.794315099853006,0.9371304846908889,-7.044188366875563,-9.60697341897229,0.002393176350852525,0.000797725450284175,-0.008753169220131496,-0.012679149330752306,0.1635166214079912,1.0899809228797481,0.00015090639346,0.0011359291299266666,0.0,2.534189751688656,0.0,0.002656929233840005
2019-10-31,12.175039256479323,4.989784785444109,-9.16287840078754,-8.476817551193037,0.011348959708378199,0.004580712019743575,-0.010012252740819332,-0.010407932370238014,8.503105993959982,2.888874205122658,0.007605451715479998,0.0025854527029799995,2.207516258040011,0.7358387526800061,0.0019953672795800003,0.0006651224265266714
2019-11-30,20.869963699765876,11.946439352032735,-10.256806623478374,-8.821291130380494,0.025350775862093004,0.013030970640441243,-0.011780041296664469,-0.010181821085871767,41.65005422072337,16.77222561203045,0.04424848669632,0.01733494826842,50.11077897758093,17.43943174520698,0.05331829356386,0.01843788694781334
2019-12-31,27.0558215786117,20.033608178285633,-13.580925378839613,-11.000203467701844,0.03033295762865927,0.022344231066376823,-0.016132803735954784,-0.012641699257812862,36.13016400368991,28.761108072791085,0.040359640430799995,0.0307378596142,57.383025232799774,36.567106822806906,0.0642770255096,0.03986356211768
2020-01-31,20.26983884291607,22.731874707097877,-13.229466738123888,-12.355732913480628,0.022372258297255306,0.02601866392933586,-0.016287291415148532,-0.014733378815922597,25.339867209124314,34.3733618111792,0.02859960010062,0.037735909075913336,17.69702479876017,41.73027633638029,0.01998508574692,0.045860134940126675
2020-02-29,22.840445724332767,23.38870204862018,-12.845811310879979,-13.218734475947828,0.025272288089408124,0.0259925013384409,-0.015624979481796109,-0.016015024877633142,34.82180327766267,32.0972781634923,0.039380144046440003,0.03611312819262,42.05591024105096,39.045320090870305,0.04756128587236,0.043941132376293345
2020-03-31,14.82431256854844,19.311532378599093,-15.432761076668108,-13.836013041890661,0.016953414640596687,0.021532653675753372,-0.018616289218491903,-0.016842853371812183,7.274972242813478,22.478880909866817,0.0082327443511,0.02540416283272,18.637006197140416,26.129980412317185,0.021091972225019996,0.029546114614766666
2020-04-30,4.321712801504958,13.995490364795387,-14.8278872787062,-14.368819888751432,0.004834932112585906,0.01568687828086357,-0.018109587507202554,-0.017450285402496855,0.0408710157417028,14.045882178739282,4.586620866e-05,0.015886251535400003,2.452239582767188,21.048385340319527,0.00277333425458,0.023808864117320003
2020-05-31,2.618548111141706,7.254857827065035,-14.82242169829438,-15.027690017889563,0.0027185099464307884,0.008168952233204461,-0.019109666251497532,-0.018611847659064,3.228852859760321,3.5148987061051646,0.0035808143183399996,0.003953141626033333,5.231550662667837,8.773598814191816,0.0058102269786,0.00989184448606667
2020-06-30,0.45453657448485507,2.4649324957105065,-11.51816193380988,-13.722823636936823,0.0004816751587164422,0.0026783724059110457,-0.015228381830740797,-0.017482545196480296,1.594010152417129,1.6212446759730483,0.0017482436470199999,0.0017916413913399998,1.1852907551133613,2.9563603335161317,0.00129882144716,0.003294127560113338
2020-07-31,0.2424145362166796,1.1051664072810803,-10.26497118541981,-12.20185160584136,0.0002622998342531528,0.0011541616464667945,-0.014423567605260227,-0.016253871895832855,0.0,1.6076210040591477,0.0,0.0017763526551199998,0.0,2.138947139260402,0.0,0.0023696828085866713
2020-08-31,0.0,0.23231703690051156,-8.801709164006036,-10.194947427745245,0.0,0.0002479916643231983,-0.012025397719234238,-0.01389244905174509,0.0,0.531336717472374,0.0,0.00058274788234,0.0,0.3950969183711228,0.0,0.0004329404823866713
2020-09-30,0.9628037199027688,0.40173941870648283,-6.977008782032979,-8.681229710486276,0.0009423450002031153,0.00040154827815208936,-0.008771868544782275,-0.011740277956425583,0.0408800650016028,0.013626688333865232,3.681694876e-05,1.2272316253333334e-05,0.0,0.0,0.0,0.0
2020-10-31,15.633145510841517,5.531983076914762,-7.935178305175594,-7.904632083738206,0.013674787825241525,0.004872377608481547,-0.008938985128813552,-0.009912083797610024,2.6981917305065446,0.9130239318360468,0.0023224782173999997,0.0007864317220533332,17.006802790815104,5.6689342636050375,0.014620100535819998,0.004873366845273337
2020-11-30,9.711106208962974,8.769018479902421,-8.61530195321109,-7.842496346806556,0.009831623298089743,0.008149585374511463,-0.00940331606459475,-0.009038056579396861,14.798317438870331,5.845796411459491,0.013593827161,0.005317707442386667,9.402258357109403,8.803020382641504,0.00862449147404,0.007748197336620004
2020-12-31,39.62133568821368,21.655195802672722,-11.372851675427668,-9.307777311271453,0.04039005320870121,0.021298821444010827,-0.012498818066835747,-0.010280373086748019,46.311758561856735,21.26942257707787,0.047068687904320006,0.02099499776090667,64.42005197149143,30.276371039805316,0.06495398228034,0.029399524763400003
2021-01-31,28.663238512843783,25.99856013667348,-12.597758171409998,-10.861970600016255,0.031874913638938886,0.027365530048576614,-0.015154653758933899,-0.012352262630121466,16.757597326278407,25.955891109001822,0.01832427337034,0.026328929478553333,20.517779193074926,31.44669650722526,0.0224955460072,0.03202467325386
2021-02-28,16.04549572195424,28.11002330767057,-10.530821176538726,-11.500477007792133,0.017081160249352544,0.029782042365664212,-0.01305246139916857,-0.01356864440831274,1.6757469598898946,21.581700949341677,0.0018452000749799998,0.022412720449880002,8.950943034796891,31.296258066454424,0.00985411233256,0.03243454687336667
2021-03-31,11.032237721695617,18.58032398549788,-15.086391686413812,-12.738323678120848,0.011589774505145964,0.02018194946447913,-0.018981662289274264,-0.015729592482458914,7.193438554696713,8.542260946955002,0.00793266856714,0.00936738067082,14.01903234528168,14.49591819105117,0.015458163692759999,0.01593594067750667
2021-04-30,4.283414038483075,10.453715827377644,-9.862510145070315,-11.826574336007619,0.004557578329141284,0.01107617102787993,-0.012869079421022422,-0.014967734369821755,0.0817445811001256,2.9836433652289087,8.918280060000002e-05,0.0032890171475733333,4.08722931870628,9.019068232928289,0.004458876330000001,0.009923717451773338
2021-05-31,2.244021924641051,5.853224561606581,-8.37241337684136,-11.10710506944183,0.002316414492981445,0.006154589109089565,-0.01137775164205598,-0.014409497784117558,0.0,2.4250610452656107,0.0,0.002673950455913333,0.0,6.035420554662657,0.0,0.006639013340920004
2021-06-30,0.0,2.175811987708042,-7.924151374555301,-8.71969163215566,0.0,0.0022913309407075763,-0.01122602779063396,-0.011824286284570789,0.0,0.0272481937000395,0.0,2.9727600200000006e-05,0.0817480306236456,1.3896591164433134,8.573327708e-05,0.0015148698690266714
2021-07-31,0.0,0.7480073082136837,-8.774765047019729,-8.357109932805464,0.0,0.0007721381643271483,-0.012192211594025662,-0.01159866367557187,0.0,0.0,0.0,0.0,0.0,0.02724934354121994,0.0,2.8577759026671293e-05
2021-08-31,0.0,0.0,-7.855086805122284,-8.18466774223244,0.0,0.0,-0.010537161541341527,-0.011318466975333721,0.0,0.0,0.0,0.0,0.0,0.02724934354121994,0.0,2.8577759026671293e-05
2021-09-30,1.9144265074967874,0.6381421691655959,-7.14634901638609,-7.925400289509369,0.0014072219876262392,0.0004690739958754131,-0.008380646269859073,-0.010370006468408757,0.0,0.0,0.0,0.0,0.0817660057136456,0.027255335237886605,6.775818708e-05,2.2586062360004625e-05
2021-10-31,9.111909436782183,3.6754453147596564,-7.093220072731937,-7.3648852980801065,0.006859889969768433,0.0027557039857982243,-0.007217406812216701,-0.00871173820780577,10.834702800114542,3.6115676000381782,0.008270916731599999,0.0027569722438666663,15.291240558387988,5.124335521367216,0.011673291047699999,0.003913683078260005
2021-11-30,14.671776789289378,8.566037577856116,-8.632833542219723,-7.624134210445919,0.012355075655348505,0.006874062537581059,-0.008015852311911164,-0.007871301797995648,16.80366212318435,9.212788307766294,0.013176358414760002,0.007149091715453334,14.227738709499436,9.866915091200362,0.01133620922682,0.007692419487200004
2021-12-31,43.00307917146227,22.262255132511275,-14.382164223205814,-10.03607261271916,0.04059417431133146,0.019936379978816133,-0.015685138156708984,-0.010306132426945619,57.55523443863198,28.397866453976956,0.05573534747883999,0.025727540875066665,51.50532755325381,27.008102273713746,0.04994370420332,0.02431773482594667
2022-01-31,30.709268836819675,29.46137493252378,-15.711018746712162,-12.908672170712569,0.03247313863127348,0.028474129532651146,-0.018279871841277606,-0.013993620769965923,35.642354858163905,36.667083806660074,0.03716620255246,0.03535930281535333,47.41417224092407,37.71574616789244,0.04941082149677999,0.036896911642306664
2022-02-28,17.7059703958268,30.472772801369587,-11.965076627940647,-14.019419865952877,0.01866593226899986,0.030577748403868264,-0.013229786897682751,-0.015731598965223116,17.98445006673985,37.06067978784524,0.01897799141978,0.03729318048369333,32.00414606362673,43.64121528593487,0.03377250350734,0.04437567640248
2022-03-31,15.076560705268813,21.16393331263843,-16.99997415866237,-14.892023177771728,0.015465042050167858,0.022201370983480396,-0.01980910929595388,-0.017106256011638083,15.695511178278934,23.107438701060897,0.016571490660380002,0.024238561544206668,21.49959316935963,33.63930382463681,0.0226867365312,0.03529002051177333
2022-04-30,3.7617582759534094,12.181429792349675,-11.909274457459377,-13.624775081354132,0.003934855419692421,0.012688609912953378,-0.014011453131861936,-0.015683449775166194,0.613094259599842,11.43101850153954,0.0006589696555999999,0.012069483911919998,4.005548708440874,19.169762647142417,0.004305722694679999,0.020254987577740004
2022-05-31,1.7267033733116508,6.855007451511294,-11.988103737562005,-13.632450784561252,0.001799827031561489,0.007066574833807256,-0.014777910618324756,-0.016199491015380194,0.408736312165248,5.5724472500146724,0.00043250733837999996,0.005887655884786667,0.12262065638170841,8.542587511394077,0.00012998946938,0.009040816231753337
2022-06-30,0.2495634667558419,1.9126750386736362,-10.239125334992307,-11.378834510004564,0.00023094659357242788,0.001988543014942113,-0.013426633688721597,-0.014071999146302768,0.0817493610744656,0.3678599776131828,8.440282626e-05,0.00039195994008,0.4496174848515308,1.5259289498913757,0.00046821660246,0.0016346429221733374
2022-07-31,0.0,0.6587556133558333,-10.550711417156187,-10.925980163236835,0.0,0.0006769245417113057,-0.014206145469829444,-0.014136896592291935,0.0,0.1634952244132355,0.0,0.0001723033882133333,0.0,0.19074604707775114,0.0,0.00019940202394667128
2022-08-31,0.08522338203363082,0.11159561626315995,-8.551794195287812,-9.780543649145436,0.0,7.698219785747596e-05,-0.010915986117161446,-0.0128495884252375,0.0817577033057256,0.05450235479339469,7.606059500000001e-05,5.348780708666667e-05,0.817577178399576,0.422398221083707,0.00076046060768,0.0004095590700466713
2022-09-30,1.0525437187915472,0.37925570027506167,-7.242611094209828,-8.78170556888461,0.0008108778797107266,0.0002702926265702422,-0.008706187575026536,-0.011276106387339146,0.04088001439142281,0.04087923923238043,3.686755894e-05,3.764271798e-05,0.0,0.27252572613319676,0.0,0.0002534868692266713
2022-10-31,9.129516478700257,3.422427859841814,-7.463544903797981,-7.752650064431875,0.007298694730005855,0.0027031908699055272,-0.007687224746735541,-0.009103132812974512,7.032113773871842,2.384917163856328,0.00558992159056,0.001900949914833333,8.135997177596398,2.984524785331996,0.0064623305257999995,0.002407597044493338
2022-11-30,22.118888384035724,10.766982860509179,-9.015877311863399,-7.907344436623737,0.019416650311594716,0.0091754076404371,-0.008511476596689018,-0.008301629639483702,31.15263338222063,12.74187572349463,0.026030663955819995,0.010552484368439996,42.96777351603986,17.034590231212093,0.03586941379143999,0.01411058143908
2022-12-31,16.95335223093585,16.06725236455728,-9.217970663945094,-8.565797626535492,0.014635702338157676,0.013783682459919415,-0.009024137935229925,-0.008407613092884831,20.88969862259961,19.69148192623069,0.018828054035779997,0.01681621319405333,8.912035913226429,20.005268868954232,0.007844351952659999,0.0167253654233
2023-01-31,22.55604977415756,20.542763463043045,-10.995858878295406,-9.743235618034634,0.021142439199892313,0.01839826394988157,-0.011554633667820148,-0.009696749399913033,20.561381634400846,24.201237879740358,0.01980998663164,0.021556234874413327,20.11162212711588,23.997143852127394,0.01948379246262,0.021065852735573334
2023-02-28,7.880730794196655,15.79671093309669,-11.07983181283605,-10.431220451692184,0.0076400198152452616,0.014472720451098417,-0.012474359167710147,-0.011017710256920077,3.310997146031567,14.920692467677336,0.0032702919478200003,0.013969444205079999,6.703748197532219,11.909135412624844,0.00662044232728,0.01131619558085334
2023-03-31,14.397368696210592,14.944716421521605,-12.297961445841182,-11.457884045657545,0.0147630849898697,0.014515181335002425,-0.014209118743844104,-0.012746037193124804,5.150151556792852,9.674176779075085,0.00537556895286,0.009485282510773333,15.286981818288847,14.034117380978984,0.015932031146839998,0.014012088645580007
2023-04-30,6.624007462212466,9.634035650873239,-11.282744556759466,-11.553512605145565,0.0065387724667820835,0.009647292423965682,-0.013610962323691068,-0.01343148007841511,4.332757635848717,4.264635446224376,0.00443185088974,0.004359237263473333,5.068493652089507,9.01974122263686,0.00519970975548,0.009250727743200007
2023-05-31,5.910005997632577,8.97712738535188,-11.326460395507818,-11.635722132702824,0.0057725635129811945,0.009024806989877659,-0.013150659138364891,-0.01365691340196669,3.351831386373769,4.278246859671777,0.00335293355598,0.0043867844661933325,28.081760248424004,16.14574523960079,0.02813765147524,0.016423130792520006
2023-06-30,0.681791609881657,4.4052683565755695,-10.696573821194386,-11.101926257820558,0.0006674132787919855,0.004326249752851755,-0.013238198501157195,-0.013333273321071057,0.817512074634656,2.8340336989523784,0.0008255643726,0.0028701162727733337,2.6977936374394647,11.949349179317663,0.00272057128448,0.012019310838400007
2023-07-31,0.0,2.1972658691714138,-9.186547494329115,-10.403193903677108,0.0,0.00214665893059106,-0.011770161461292958,-0.012719673033605017,0.0,1.3897811536694729,0.0,0.00139283264286,0.0,10.259851295287826,0.0,0.010286074253240006
2023-08-31,0.0,0.2272638699605547,-6.814253386391599,-8.899124900638368,0.0,0.00022247109293066186,-0.007765648330972906,-0.010924669431141024,0.0,0.2725040248782163,0.0,0.0002751881242,0.0,0.8992645458131573,0.0,0.0009068570948266736
2023-09-30,2.152521096268659,0.7175070320895554,-7.624455332886587,-7.875085404535768,0.0013207367014630674,0.0004402455671543558,-0.006848707721707504,-0.00879483917132446,0.0,0.0,0.0,0.0,0.6133848556694019,0.2044616185564697,0.00036837358604,0.00012279119534667362
2023-10-31,4.746914921337843,2.2998120058688363,-5.873258464313849,-6.770655727864013,0.0024749339895120243,0.001265223563658364,-0.0043298142339407136,-0.006314723428873711,0.0,0.0,0.0,0.0,3.148865768744295,1.2540835414712348,0.0017341414336399998,0.0007008383398933402
2023-11-30,16.658132895629507,7.852522971078671,-9.791481907377296,-7.763065234859245,0.008908374280732595,0.004234681657235896,-0.0063183169465798284,-0.005832279634076019,7.197441653698573,2.399147217899522,0.003929569565280001,0.0013098565217600003,67.59876379719393,23.787004807202546,0.03684206675578,0.012981527258486674
2023-12-31,36.968330714471215,19.457792843812857,-9.110490641611518,-8.258410337767556,0.024185607517895818,0.011856305262713479,-0.006889124285911328,-0.00584575182214396,27.394841901072414,11.53076118492366,0.01946900567066,0.007799525078646667,28.62148175136008,33.12303710576611,0.02033561389388,0.019637274027766674
2024-01-31,27.732387624241593,27.119617078114107,-12.868509917909465,-10.590160822299428,0.02294930064658841,0.018681094148405606,-0.01194015716200129,-0.008382532798164153,10.997513277173493,15.19659894398149,0.0091279674741,0.010842180903346668,24.325705966677404,40.181983838410474,0.01983879378846,0.025672158146040003
2024-02-29,11.511245479912507,25.403987939541775,-10.254628776633698,-10.744543112051561,0.009678891224890625,0.018937933129791615,-0.009821448566300722,-0.009550243338071118,5.069209456805267,14.487188211683721,0.00448390503972,0.011026959394826667,21.094466048969142,24.680551255668878,0.01864503741806,0.01960648170013334
2024-03-31,12.92608597643364,17.389906360195916,-13.935651622250104,-12.352930105597757,0.010666307453088615,0.014431499774855881,-0.014327834856723282,-0.012029813528341768,5.314393186994544,7.127038640324432,0.00480146655262,0.006137779688813333,11.201110584710687,18.873760866785748,0.01011506968872,0.016199633631746674
2024-04-30,3.5215753716001794,9.319635609315444,-9.580569262335006,-11.256949887072937,0.00298495075310321,0.007776716477027483,-0.010641237423126362,-0.011596840282050125,0.0408803871844228,3.4748276769947424,3.649476594e-05,0.003107288786093333,1.8804978104834487,11.392024814721097,0.00167875923324,0.010146288780006674
2024-05-31,2.41736888757803,6.28834341187062,-9.221160971751779,-10.912460618778965,0.0018524763102980878,0.005167911505496637,-0.01030397089552903,-0.011757681058459563,0.9811401201245471,2.112137898101169,0.0008650466841599999,0.0019010026675733334,3.352236963870789,5.4779484530216465,0.0029473560589599996,0.00491372832697334
2024-06-30,0.21792506587066865,2.052289775016295,-7.5425072946032,-8.78141250956333,0.00015935373810971708,0.0016655936005036704,-0.00799921141146056,-0.009648139910038654,0.2862031474024996,0.4360745515704874,0.00021502625004,0.00037218923338,0.0,1.7442449247847505,0.0,0.0015420384307333402
2024-07-31,0.0,0.8784313178162352,-7.301374699302344,-8.021680988552442,0.0,0.0006706100161359337,-0.007127646103235166,-0.008476942803408256,0.0,0.4224477558423465,0.0,0.0003600243114,0.0,1.1174123212902678,0.0,0.0009824520196533401
2024-08-31,0.399547984694272,0.2058243501883159,-6.73770949503434,-7.19386382964663,0.00020512704932759248,0.00012149359581243537,-0.0052593623971760005,-0.006795406637290578,0.0,0.09540104913416415,0.0,7.167541668e-05,0.0,0.0,0.0,0.0
2024-09-30,2.3612112598245627,0.9202530815062806,-7.456025935300066,-7.165036709878918,0.0008820112566939528,0.00036237943534051393,-0.004349315472802979,-0.005578774657738052,2.6174683836200194,0.8724894612066708,0.0012120612032000002,0.00040402040106666675,0.0,0.0,0.0,0.0
2024-10-31,2.906300139477252,1.8890197946653646,-5.38844207304542,-6.52739250112661,0.0010761207635352494,0.0007210863565189305,-0.002953614846144925,-0.004187430905374639,0.0,0.8724894612066708,0.0,0.00040402040106666675,0.0,0.0,0.0,0.0
2024-11-30,13.631435223920406,6.299648874407409,-7.775177483826792,-6.873215164057427,0.005674221078957742,0.0025441176997289803,-0.003927375765987315,-0.0037434353616450766,1.3496978526763423,1.3223887454321182,0.00055925168563,0.0005904376296100001,11.574808556852801,3.8582695189509386,0.00466903509987,0.0015563450332900068
2024-12-31,58.67901786794893,25.072251077115528,-12.08439895675067,-8.416006171207629,0.03102819368912133,0.012592845177204772,-0.006978961633045824,-0.004619984081726025,38.64598442230985,13.331894091662063,0.02046902078299,0.007009424156206667,61.58723257908884,24.387347045313884,0.033591638157534,0.012753557752468008
2025-01-31,32.51871055001057,34.94305454729331,-9.028822364319275,-9.629466268298913,0.025128107310970628,0.0206101740263499,-0.007309553572277296,-0.0060719636571034815,20.60648453234113,20.200722269109107,0.015623970641719997,0.012217414370113333,15.372270288986092,29.511437141642585,0.01247732435032,0.01691266586924134
2025-02-28,10.813731738382263,34.00382005211392,-13.744451985009315,-11.619224435359754,0.009391695777293683,0.021849332259128548,-0.014138156584109197,-0.009475557263144108,22.565867376276707,27.272778776975894,0.020251460323559997,0.018781483916089997,5.927731206095805,27.629078024723583,0.0052166767068,0.017095213071551336
2025-03-31,6.54792556689528,16.626789285096038,-11.83080351685135,-11.53469262205998,0.006199819346024321,0.01357320747809621,-0.01241460076357114,-0.011287436973319215,0.613143738016062,14.59516521554463,0.00060949123938,0.012161640734886667,3.229237697158441,8.176413064080117,0.0031959769202199997,0.006963325992446674
2025-04-30,12.664706665419173,10.008787990232241,-14.895441568827811,-13.49023235689616,0.012473214857140582,0.009354909993486194,-0.017147611450037962,-0.014566789599239438,32.086774360851734,18.421928491714834,0.03297797018306,0.017946307248666665,33.640317973364084,14.265762292206114,0.0342758717845,0.014229508470506672
2025-05-31,5.540107324697843,8.250913185670768,-14.305382441730327,-13.677209175803165,0.005153912222053573,0.007942315475072825,-0.017101559065540277,-0.01555459042638313,5.6407842482598864,12.780234115709225,0.00574546089018,0.013110974104206669,16.595454987690374,17.821670219404304,0.01679908415692,0.01809031095388001
2025-06-30,0.29739219454097665,6.167402061552667,-11.167008580721903,-13.455944197093347,0.00027795684356587464,0.005968361307586674,-0.013923898330965773,-0.01605768961551467,0.0,12.575852869703871,0.0,0.01290781035774667,0.0,16.745257653684824,0.0,0.017024985313806678
2025-07-31,0.2432869619021551,2.026928827046994,-8.61504972313423,-11.36248024852882,0.00022731264073751233,0.0018863939021189855,-0.010687988753762293,-0.013904482050089451,0.0,1.8802614160866264,0.0,0.0019151536300600024,0.0,5.53181832923013,0.0,0.005599694718973342
2025-08-31,0.0,0.18022638548104628,-7.621508361594909,-9.134522221817015,0.0,0.00016842316143446116,-0.00898709837441323,-0.011199661819713769,0.0,0.0,0.0,0.0,0.0,0.0,0.0,0.0
2025-09-30,1.3931130437612365,0.5454666685544662,-6.502098642644777,-7.579552242457972,0.0008838290727148419,0.0003703805711507836,-0.0066824760045610925,-0.008785854377578875,0.5724527326070391,0.19081757753567732,0.00038361469804,0.00012787156601333564,0.20444740450251397,0.06814913483417606,0.0001370052493,4.566841643334258e-05
2025-10-31,13.909124349691606,5.100745797817616,-11.191229335106682,-8.438278779782124,0.008623342079939441,0.00316905705088476,-0.008513200718512547,-0.008060925032495628,5.520316581356997,2.0309231046546765,0.00346248194198,0.0012820322133400024,11.408431533866041,3.870959646122856,0.007378530285180001,0.0025051785114933427
2025-11-30,12.985596294581502,9.42927789601145,-8.56506426832656,-8.75279741535934,0.006977325010636928,0.005494832054430403,-0.0056915424666855305,-0.006962406396586393,5.929733685345826,4.0075009997699516,0.0032141974567799995,0.002353431365600002,9.528475385244452,7.0471181078710075,0.00515810919008,0.0042245482415200096
2025-12-31,29.515631694274187,18.803450779515767,-11.403351179542925,-10.386548260992058,0.01603421419182779,0.010544960427468053,-0.007147585629284012,-0.0071174429381607,42.121327462620684,17.8571259097745,0.023060946253,0.009912541883920002,36.43694207592663,19.124616331679047,0.019999741846619998,0.010845460440626675
2026-01-31,0.0,14.167075996285229,-13.160516649870585,-11.042977365913359,0.0,0.0076705130674882376,-0.008570896835434015,-0.007136674977134523,19.8746378836588,22.641899677208432,0.010966744217519999,0.012413962642433335,47.23293571116444,31.066117724111848,0.026062941504599996,0.017073597513766674
