Date,Field turbidity (1m NTU),Satellite raw value
"Apr 5, 2016, 3:00:00 AM",,1.625
"Jun 24, 2016, 3:00:00 AM",,1.772
"Jul 14, 2016, 3:00:00 AM",,1.641
"Jul 24, 2016, 3:00:00 AM",,1.723
"Aug 3, 2016, 3:00:00 AM",,1.721
"Mar 31, 2017, 3:00:00 AM",,1.859
"Apr 15, 2017, 3:00:00 AM",,1.518
"May 10, 2017, 3:00:00 AM",,1.617
"May 20, 2017, 3:00:00 AM",,1.801
"Jun 9, 2017, 3:00:00 AM",,1.702
"Jun 14, 2017, 3:00:00 AM",,1.661
"Jun 19, 2017, 3:00:00 AM",,1.686
"Jun 24, 2017, 3:00:00 AM",,1.52
"Jun 29, 2017, 3:00:00 AM",,1.515
"Jul 19, 2017, 3:00:00 AM",,1.704
"Jul 24, 2017, 3:00:00 AM",,1.72
"Jul 29, 2017, 3:00:00 AM",,1.647
"Aug 18, 2017, 3:00:00 AM",,1.757
"Aug 28, 2017, 3:00:00 AM",,1.5
"Sep 12, 2017, 3:00:00 AM",,1.638
"Nov 6, 2017, 2:00:00 AM",,1.579
"Nov 16, 2017, 2:00:00 AM",,1.731
"Nov 26, 2017, 2:00:00 AM",,1.743
"Dec 6, 2017, 2:00:00 AM",,1.6
"Dec 21, 2017, 2:00:00 AM",,1.623
"Dec 31, 2017, 2:00:00 AM",,1.532
"Jan 5, 2018, 2:00:00 AM",,1.778
"Jan 15, 2018, 2:00:00 AM",,1.534
"Jan 25, 2018, 2:00:00 AM",,1.586
"Feb 9, 2018, 2:00:00 AM",,1.89
"Feb 14, 2018, 2:00:00 AM",,1.541
"Mar 1, 2018, 2:00:00 AM",,1.878
"Apr 5, 2018, 3:00:00 AM",,1.521
"Apr 10, 2018, 3:00:00 AM",,1.664
"Apr 20, 2018, 3:00:00 AM",,1.859
"Apr 25, 2018, 3:00:00 AM",,1.666
"Apr 30, 2018, 3:00:00 AM",,1.675
"May 5, 2018, 3:00:00 AM",,1.881
"May 10, 2018, 3:00:00 AM",,1.597
"May 15, 2018, 3:00:00 AM",,1.574
"May 25, 2018, 3:00:00 AM",,1.749
"May 30, 2018, 3:00:00 AM",,1.793
"Jun 9, 2018, 3:00:00 AM",,1.838
"Jun 14, 2018, 3:00:00 AM",,1.831
"Jun 24, 2018, 3:00:00 AM",,1.768
"Jun 29, 2018, 3:00:00 AM",,1.786
"Jul 4, 2018, 3:00:00 AM",,1.661
"Jul 9, 2018, 3:00:00 AM",,1.786
"Jul 14, 2018, 3:00:00 AM",,1.721
"Jul 19, 2018, 3:00:00 AM",,1.72
"Jul 24, 2018, 3:00:00 AM",,1.836
"Jul 24, 2018, 3:00:00 AM",,1.853
"Jul 29, 2018, 3:00:00 AM",,1.576
"Aug 3, 2018, 3:00:00 AM",,1.628
"Aug 8, 2018, 3:00:00 AM",,1.703
"Aug 13, 2018, 3:00:00 AM",,1.537
"Aug 18, 2018, 3:00:00 AM",,1.556
"Aug 23, 2018, 3:00:00 AM",,1.573
"Aug 28, 2018, 3:00:00 AM",,1.692
"Sep 2, 2018, 3:00:00 AM",,1.667
"Sep 7, 2018, 3:00:00 AM",,1.501
"Sep 12, 2018, 3:00:00 AM",,1.567
"Oct 2, 2018, 3:00:00 AM",,1.999
"Oct 17, 2018, 3:00:00 AM",,1.814
"Oct 27, 2018, 3:00:00 AM",,1.531
"Nov 1, 2018, 2:00:00 AM",,1.51
"Nov 6, 2018, 2:00:00 AM",,1.569
"Nov 11, 2018, 2:00:00 AM",,1.533
"Nov 16, 2018, 2:00:00 AM",,1.588
"Dec 1, 2018, 2:00:00 AM",,1.546
"Dec 6, 2018, 2:00:00 AM",,1.756
"Dec 21, 2018, 2:00:00 AM",,1.528
"Jan 5, 2019, 2:00:00 AM",,1.558
"Feb 9, 2019, 2:00:00 AM",,1.746
"Feb 19, 2019, 2:00:00 AM",,1.541
"Mar 1, 2019, 2:00:00 AM",,1.509
"Mar 16, 2019, 2:00:00 AM",,1.737
"Mar 31, 2019, 2:00:00 AM",,1.798
"Apr 15, 2019, 3:00:00 AM",,1.838
"Apr 20, 2019, 3:00:00 AM",,1.85
"Apr 30, 2019, 3:00:00 AM",,1.635
"May 15, 2019, 3:00:00 AM",,1.684
"May 25, 2019, 3:00:00 AM",,1.826
"Jun 4, 2019, 3:00:00 AM",,1.814
"Jun 14, 2019, 3:00:00 AM",,1.763
"Jun 19, 2019, 3:00:00 AM",,1.795
"Jun 24, 2019, 3:00:00 AM",,1.731
"Jun 29, 2019, 3:00:00 AM",,1.606
"Jul 4, 2019, 3:00:00 AM",,1.789
"Jul 9, 2019, 3:00:00 AM",,1.843
"Jul 14, 2019, 3:00:00 AM",,1.996
"Jul 19, 2019, 3:00:00 AM",,1.807
"Jul 24, 2019, 3:00:00 AM",,1.705
"Jul 29, 2019, 3:00:00 AM",,1.814
"Aug 3, 2019, 3:00:00 AM",,1.804
"Aug 18, 2019, 3:00:00 AM",,1.678
"Aug 28, 2019, 3:00:00 AM",,1.665
"Sep 22, 2019, 3:00:00 AM",,1.705
"Oct 17, 2019, 3:00:00 AM",,1.696
"Nov 1, 2019, 2:00:00 AM",,1.677
"Nov 6, 2019, 2:00:00 AM",,1.668
"Nov 16, 2019, 2:00:00 AM",,1.543
"Nov 21, 2019, 2:00:00 AM",,1.735
"Dec 1, 2019, 2:00:00 AM",,1.624
"Dec 6, 2019, 2:00:00 AM",,1.61
"Dec 16, 2019, 2:00:00 AM",,1.669
"Dec 21, 2019, 2:00:00 AM",,1.669
"Dec 26, 2019, 2:00:00 AM",,1.874
"Dec 31, 2019, 2:00:00 AM",,1.699
"Jan 10, 2020, 2:00:00 AM",,1.518
"Jan 20, 2020, 2:00:00 AM",,1.646
"Feb 9, 2020, 2:00:00 AM",,1.69
"Feb 19, 2020, 2:00:00 AM",,1.8
"Feb 24, 2020, 2:00:00 AM",,1.658
"Mar 10, 2020, 2:00:00 AM",,1.611
"Mar 15, 2020, 2:00:00 AM",,1.91
"Mar 20, 2020, 2:00:00 AM",,1.631
"Apr 14, 2020, 3:00:00 AM",,1.676
"Apr 24, 2020, 3:00:00 AM",,1.642
"Apr 29, 2020, 3:00:00 AM",,1.584
"May 9, 2020, 3:00:00 AM",,1.766
"May 14, 2020, 3:00:00 AM",,1.564
"May 19, 2020, 3:00:00 AM",,1.564
"May 24, 2020, 3:00:00 AM",,1.82
"May 29, 2020, 3:00:00 AM",,1.865
"Jun 8, 2020, 3:00:00 AM",,1.891
"Jun 13, 2020, 3:00:00 AM",,1.867
"Jun 18, 2020, 3:00:00 AM",,1.81
"Jun 23, 2020, 3:00:00 AM",,1.855
"Jun 28, 2020, 3:00:00 AM",,1.884
"Jul 3, 2020, 3:00:00 AM",,1.647
"Jul 8, 2020, 3:00:00 AM",,1.728
"Jul 13, 2020, 3:00:00 AM",,1.666
"Jul 18, 2020, 3:00:00 AM",,1.724
"Jul 23, 2020, 3:00:00 AM",,1.683
"Jul 28, 2020, 3:00:00 AM",,1.732
"Aug 2, 2020, 3:00:00 AM",,1.738
"Aug 7, 2020, 3:00:00 AM",,1.667
"Aug 12, 2020, 3:00:00 AM",,1.5
"Aug 17, 2020, 3:00:00 AM",,1.557
"Aug 22, 2020, 3:00:00 AM",,1.5
"Aug 27, 2020, 3:00:00 AM",,1.638
"Sep 21, 2020, 3:00:00 AM",,1.672
"Sep 26, 2020, 3:00:00 AM",,1.8
"Oct 1, 2020, 3:00:00 AM",,1.524
"Oct 6, 2020, 3:00:00 AM",,1.852
"Nov 5, 2020, 2:00:00 AM",,1.807
"Nov 25, 2020, 2:00:00 AM",,1.619
"Dec 5, 2020, 2:00:00 AM",,1.791
"Dec 10, 2020, 2:00:00 AM",,1.815
"Dec 15, 2020, 2:00:00 AM",,1.652
"Dec 20, 2020, 2:00:00 AM",,1.668
"Dec 30, 2020, 2:00:00 AM",,1.55
"Jan 19, 2021, 2:00:00 AM",,1.633
"Feb 3, 2021, 2:00:00 AM",,1.887
"Feb 13, 2021, 2:00:00 AM",,1.685
"Feb 28, 2021, 2:00:00 AM",,1.537
"Mar 25, 2021, 2:00:00 AM",,1.749
"Apr 9, 2021, 3:00:00 AM",,1.782
"May 9, 2021, 3:00:00 AM",,1.747
"May 14, 2021, 3:00:00 AM",,1.777
"May 19, 2021, 3:00:00 AM",,1.84
"May 24, 2021, 3:00:00 AM",,1.795
"May 29, 2021, 3:00:00 AM",,1.818
"Jun 3, 2021, 3:00:00 AM",,1.822
"Jun 8, 2021, 3:00:00 AM",,1.817
"Jun 13, 2021, 3:00:00 AM",,1.86
"Jun 18, 2021, 3:00:00 AM",,1.686
"Jun 23, 2021, 3:00:00 AM",,1.912
"Jun 28, 2021, 3:00:00 AM",,1.714
"Jul 3, 2021, 3:00:00 AM",,1.799
"Jul 8, 2021, 3:00:00 AM",,1.679
"Jul 13, 2021, 3:00:00 AM",,1.513
"Jul 18, 2021, 3:00:00 AM",,1.776
"Aug 2, 2021, 3:00:00 AM",,1.663
"Aug 7, 2021, 3:00:00 AM",,1.859
"Aug 12, 2021, 3:00:00 AM",,1.639
"Aug 22, 2021, 3:00:00 AM",,1.606
"Aug 27, 2021, 3:00:00 AM",,1.818
"Sep 1, 2021, 3:00:00 AM",,1.62
"Sep 11, 2021, 3:00:00 AM",,1.527
"Oct 1, 2021, 3:00:00 AM",,1.602
"Oct 11, 2021, 3:00:00 AM",,1.632
"Oct 21, 2021, 3:00:00 AM",,1.667
"Oct 26, 2021, 3:00:00 AM",,1.675
"Nov 10, 2021, 2:00:00 AM",,1.823
"Nov 15, 2021, 2:00:00 AM",,1.793
"Nov 20, 2021, 2:00:00 AM",,1.651
"Nov 25, 2021, 2:00:00 AM",,1.692
"Dec 5, 2021, 2:00:00 AM",,1.652
"Dec 20, 2021, 2:00:00 AM",,1.841
"Jan 14, 2022, 2:00:00 AM",,1.594
"Jan 19, 2022, 2:00:00 AM",,1.582
"Feb 18, 2022, 2:00:00 AM",,1.506
"Mar 15, 2022, 2:00:00 AM",,1.618
"Mar 20, 2022, 2:00:00 AM",,1.966
"Mar 25, 2022, 2:00:00 AM",,1.721
"Mar 30, 2022, 3:00:00 AM",,1.81
"Apr 9, 2022, 3:00:00 AM",,1.664
"Apr 14, 2022, 3:00:00 AM",,1.691
"Apr 19, 2022, 3:00:00 AM",,1.835
"Apr 24, 2022, 3:00:00 AM",,1.851
"May 4, 2022, 3:00:00 AM",,1.912
"May 9, 2022, 3:00:00 AM",,1.976
"May 19, 2022, 3:00:00 AM",,1.935
"May 24, 2022, 3:00:00 AM",,1.927
"May 29, 2022, 3:00:00 AM",,1.895
"Jun 3, 2022, 3:00:00 AM",,1.871
"Jun 8, 2022, 3:00:00 AM",,1.773
"Jun 13, 2022, 3:00:00 AM",,1.658
"Jun 18, 2022, 3:00:00 AM",,1.731
"Jun 23, 2022, 3:00:00 AM",,1.946
"Jun 28, 2022, 3:00:00 AM",,1.818
"Jul 3, 2022, 3:00:00 AM",,1.807
"Jul 8, 2022, 3:00:00 AM",,1.84
"Jul 13, 2022, 3:00:00 AM",,1.84
"Jul 18, 2022, 3:00:00 AM",,1.778
"Aug 7, 2022, 3:00:00 AM",,1.685
"Aug 12, 2022, 3:00:00 AM",,1.614
"Aug 22, 2022, 3:00:00 AM",,1.66
"Aug 27, 2022, 3:00:00 AM",,1.891
"Sep 1, 2022, 3:00:00 AM",,1.602
"Sep 21, 2022, 3:00:00 AM",,1.579
"Oct 6, 2022, 3:00:00 AM",,2.132
"Oct 16, 2022, 3:00:00 AM",,1.966
"Nov 5, 2022, 2:00:00 AM",,1.803
"Dec 5, 2022, 2:00:00 AM",,1.51
"Dec 20, 2022, 2:00:00 AM",,1.603
"Dec 25, 2022, 2:00:00 AM",,1.587
"Jan 4, 2023, 2:00:00 AM",,1.515
"Jan 9, 2023, 2:00:00 AM",,1.585
"Mar 10, 2023, 2:00:00 AM",,1.553
"Mar 15, 2023, 2:00:00 AM",,1.697
"Mar 20, 2023, 2:00:00 AM",,1.644
"Mar 25, 2023, 2:00:00 AM",,1.52
"Mar 30, 2023, 3:00:00 AM",,1.746
"Apr 19, 2023, 3:00:00 AM",,1.834
"Apr 24, 2023, 3:00:00 AM",,1.82
"Apr 29, 2023, 3:00:00 AM",,1.875
"May 14, 2023, 3:00:00 AM",,1.813
"May 24, 2023, 3:00:00 AM",,1.896
"May 29, 2023, 3:00:00 AM",,1.925
"Jun 3, 2023, 3:00:00 AM",,1.961
"Jun 13, 2023, 3:00:00 AM",,1.862
"Jun 18, 2023, 3:00:00 AM",,1.939
"Jun 23, 2023, 3:00:00 AM",,1.823
"Jun 28, 2023, 3:00:00 AM",,1.918
"Jul 3, 2023, 3:00:00 AM",,1.882
"Jul 8, 2023, 3:00:00 AM",,1.84
"Jul 13, 2023, 3:00:00 AM",,1.702
"Jul 18, 2023, 3:00:00 AM",,1.91
"Jul 23, 2023, 3:00:00 AM",,1.928
"Jul 28, 2023, 3:00:00 AM",,1.841
"Aug 2, 2023, 3:00:00 AM",,1.78
"Aug 7, 2023, 3:00:00 AM",,2
"Sep 1, 2023, 3:00:00 AM",,2.058
"Oct 1, 2023, 3:00:00 AM",,1.672
"Oct 21, 2023, 3:00:00 AM",,1.68
"Oct 31, 2023, 2:00:00 AM",,1.6
"Nov 5, 2023, 2:00:00 AM",,1.95
"Nov 15, 2023, 2:00:00 AM",,1.684
"Nov 20, 2023, 2:00:00 AM",,1.63
"Nov 30, 2023, 2:00:00 AM",,1.888
"Dec 25, 2023, 2:00:00 AM",,1.603
"Jan 14, 2024, 2:00:00 AM",,1.636
"Jan 24, 2024, 2:00:00 AM",,1.607
"Jan 29, 2024, 2:00:00 AM",,1.585
"Feb 3, 2024, 2:00:00 AM",,1.574
"Feb 18, 2024, 2:00:00 AM",,1.698
"Mar 4, 2024, 2:00:00 AM",,2.004
"Mar 9, 2024, 2:00:00 AM",,1.671
"Mar 19, 2024, 2:00:00 AM",,1.783
"Mar 29, 2024, 2:00:00 AM",,1.717
"Apr 8, 2024, 3:00:00 AM",,1.552
"Apr 13, 2024, 3:00:00 AM",,1.603
"Apr 18, 2024, 3:00:00 AM",,1.61
"Apr 28, 2024, 3:00:00 AM",,1.875
"May 3, 2024, 3:00:00 AM",,1.931
"May 8, 2024, 3:00:00 AM",,1.889
"May 13, 2024, 3:00:00 AM",,1.925
"May 23, 2024, 3:00:00 AM",,1.892
"May 28, 2024, 3:00:00 AM",,1.824
"Jun 2, 2024, 3:00:00 AM",,1.862
"Jun 12, 2024, 3:00:00 AM",,1.906
"Jun 17, 2024, 3:00:00 AM",,1.842
"Jun 22, 2024, 3:00:00 AM",,1.886
"Jun 27, 2024, 3:00:00 AM",,1.883
"Jul 2, 2024, 3:00:00 AM",,1.907
"Jul 7, 2024, 3:00:00 AM",,1.766
"Jul 12, 2024, 3:00:00 AM",,1.71
"Jul 27, 2024, 3:00:00 AM",,1.558
"Aug 6, 2024, 3:00:00 AM",,1.745
"Aug 11, 2024, 3:00:00 AM",,1.907
"Aug 16, 2024, 3:00:00 AM",,1.654
"Aug 21, 2024, 3:00:00 AM",,1.657
"Aug 31, 2024, 3:00:00 AM",,1.744
"Sep 5, 2024, 3:00:00 AM",,1.881
"Sep 15, 2024, 3:00:00 AM",,1.842
"Nov 19, 2024, 2:00:00 AM",,1.646
"Nov 24, 2024, 2:00:00 AM",,1.59
"Nov 29, 2024, 2:00:00 AM",,1.541
"Dec 4, 2024, 2:00:00 AM",,1.785
"Dec 14, 2024, 2:00:00 AM",,1.589
"Dec 19, 2024, 2:00:00 AM",,1.956
"Feb 2, 2025, 2:00:00 AM",,2
"Feb 7, 2025, 2:00:00 AM",,1.603
"Feb 12, 2025, 2:00:00 AM",,1.699
"Feb 22, 2025, 2:00:00 AM",,1.571
"Mar 14, 2025, 2:00:00 AM",,1.542
"Mar 19, 2025, 2:00:00 AM",,1.833
"Mar 21, 2025, 2:00:00 AM",,1.683
"Apr 3, 2025, 3:00:00 AM",,1.675
"Apr 10, 2025, 3:00:00 AM",,1.814
"Apr 13, 2025, 3:00:00 AM",,1.671
"Apr 20, 2025, 3:00:00 AM",,1.577
"Apr 28, 2025, 3:00:00 AM",,1.594
"May 3, 2025, 3:00:00 AM",,1.685
"May 8, 2025, 3:00:00 AM",,1.653
"May 13, 2025, 3:00:00 AM",,1.788
"May 18, 2025, 3:00:00 AM",,1.708
"May 20, 2025, 3:00:00 AM",,1.831
"May 23, 2025, 3:00:00 AM",,1.764
"May 28, 2025, 3:00:00 AM",,1.803
"Jun 2, 2025, 3:00:00 AM",,1.801
"Jun 7, 2025, 3:00:00 AM",,1.779
"Jun 9, 2025, 3:00:00 AM",,1.754
"Jun 12, 2025, 3:00:00 AM",,1.769
"Jun 17, 2025, 3:00:00 AM",,1.879
"Jun 19, 2025, 3:00:00 AM",,1.673
"Jun 22, 2025, 3:00:00 AM",,1.801
"Jun 27, 2025, 3:00:00 AM",,1.679
"Jun 29, 2025, 3:00:00 AM",,1.664
"Jul 2, 2025, 3:00:00 AM",,1.799
"Jul 7, 2025, 3:00:00 AM",,1.889
"Jul 9, 2025, 3:00:00 AM",,1.688
"Jul 12, 2025, 3:00:00 AM",,1.772
"Jul 17, 2025, 3:00:00 AM",,1.807
"Aug 1, 2025, 3:00:00 AM",,1.583
"Aug 21, 2025, 3:00:00 AM",,1.566
"Aug 26, 2025, 3:00:00 AM",,2
"Sep 20, 2025, 3:00:00 AM",,1.527
"Sep 25, 2025, 3:00:00 AM",,1.541
"Sep 27, 2025, 3:00:00 AM",,1.505
"Sep 30, 2025, 3:00:00 AM",,1.529
"Oct 5, 2025, 3:00:00 AM",,1.613
"Oct 10, 2025, 3:00:00 AM",,1.588
"Oct 15, 2025, 3:00:00 AM",,1.612
"Oct 17, 2025, 3:00:00 AM",,1.672
"Oct 25, 2025, 3:00:00 AM",,1.981
"Oct 27, 2025, 2:00:00 AM",,1.976
"Oct 30, 2025, 2:00:00 AM",,1.778
"Nov 4, 2025, 2:00:00 AM",,1.56
"Nov 14, 2025, 2:00:00 AM",,1.564
"Nov 26, 2025, 2:00:00 AM",4.38,1.998
"Dec 9, 2025, 2:00:00 AM",5.206,1.553
"Dec 14, 2025, 2:00:00 AM",1.853,1.832
"Dec 16, 2025, 2:00:00 AM",1.853,1.581
"Dec 19, 2025, 2:00:00 AM",1.853,1.735
"Dec 26, 2025, 2:00:00 AM",,1.669
"Dec 29, 2025, 2:00:00 AM",,1.574
"Jan 13, 2026, 2:00:00 AM",2.95,1.602
"Jan 28, 2026, 2:00:00 AM",2.25,1.534
